{"initial_reset_timestamp": 172589.6721846, "timestamps": [172592.5255289, 172595.768048, 172599.5820644, 172609.6448982, 172612.4721882, 172620.6230887, 172626.7207507, 172631.4960706, 172637.4409545, 172643.0136317, 172650.8944605, 172662.3617708, 172667.0839794, 172670.3399267, 172678.1570076, 172688.3210957, 172692.3789655, 172700.4348889, 172710.9364869, 172715.940654, 172725.2041259, 172735.7439619, 172742.4865225, 172745.2982151, 172753.8678468, 172759.6854243, 172766.133832, 172773.0146489, 172781.2286576, 172787.5388301, 172793.3755141, 172795.7247844], "episode_lengths": [55, 96, 113, 299, 84, 242, 181, 142, 177, 166, 235, 342, 141, 97, 233, 303, 121, 240, 313, 149, 276, 314, 201, 84, 255, 173, 192, 205, 244, 188, 173, 69], "episode_rewards": [-125.8577964230409, -59.53084832717228, -106.42674512340805, -201.268931818628, -410.7440155489717, -293.1129028598218, -81.05256685862078, -316.14978084823895, -405.8418666427941, -13.513018805345979, -257.04826206717144, -360.4418080903421, -168.67536412843685, -248.70955208144278, -354.5977040286976, -93.83084468408856, -210.07637650487078, -463.5020550769887, -136.14565020670705, -167.23319334154962, -362.82906192098875, -268.61205735323705, -508.83973337495934, -122.58086693536227, -47.47187254297356, -799.8058378309437, 43.314900332425765, -361.4810521361526, -294.0468699111549, -490.55565675973367, -250.2386520614183, -144.55617320330748], "episode_types": ["t", "t", "t", "t", "t", "t", "t", "t", "t", "t", "t", "t", "t", "t", "t", "t", "t", "t", "t", "t", "t", "t", "t", "t", "t", "t", "t", "t", "t", "t", "t", "t", "t"]}